,shortName,sector,industry,country,market,2021-06-28 00:00:00,2021-06-29 00:00:00,2021-06-30 00:00:00,2021-07-01 00:00:00,2021-07-02 00:00:00,2021-07-06 00:00:00,2021-07-07 00:00:00,2021-07-08 00:00:00,2021-07-09 00:00:00,2021-07-12 00:00:00,2021-07-13 00:00:00,2021-07-14 00:00:00,2021-07-15 00:00:00,2021-07-16 00:00:00,2021-07-19 00:00:00,2021-07-20 00:00:00,2021-07-21 00:00:00,2021-07-22 00:00:00,2021-07-23 00:00:00,2021-07-26 00:00:00,2021-07-27 00:00:00,2021-07-28 00:00:00,2021-07-05 00:00:00
0,UP Fintech Holding Limited,Financial Services,Capital Markets,China,us_market,28.31999969482422,29.280000686645508,28.979999542236328,26.170000076293945,25.56999969482422,21.889999389648438,20.790000915527344,20.219999313354492,20.510000228881836,19.889999389648438,19.719999313354492,18.170000076293945,18.56999969482422,17.920000076293945,17.770000457763672,18.0,19.670000076293945,18.06999969482422,16.8799991607666,16.68000030517578,14.529999732971191,16.84000015258789,
1,Li Auto Inc.,Consumer Cyclical,Auto Manufacturers,China,us_market,33.709999084472656,34.25,34.939998626708984,34.689998626708984,32.66999816894531,33.58000183105469,32.029998779296875,31.790000915527344,31.81999969482422,32.810001373291016,32.52000045776367,30.329999923706055,30.979999542236328,30.31999969482422,30.540000915527344,30.729999542236328,33.40999984741211,32.93000030517578,30.280000686645508,30.770000457763672,26.479999542236328,29.959999084472656,
2,"Shineco, Inc.",Healthcare,Drug Manufacturers—Specialty & Generic,China,us_market,6.869999885559082,6.769999980926514,6.320000171661377,6.480000019073486,6.510000228881836,6.420000076293945,5.909999847412109,6.130000114440918,6.059999942779541,6.510000228881836,5.900000095367432,5.320000171661377,4.849999904632568,4.449999809265137,4.369999885559082,4.610000133514404,4.760000228881836,4.619999885559082,4.460000038146973,4.429999828338623,4.309999942779541,4.456299781799316,
3,McDonald's Corporation,Consumer Cyclical,Restaurants,United States,us_market,231.08999633789062,230.3699951171875,230.99000549316406,232.27000427246094,233.6300048828125,232.75,234.6300048828125,232.83999633789062,235.67999267578125,235.61000061035156,236.1699981689453,237.1300048828125,236.8800048828125,234.75,229.25999450683594,234.27000427246094,235.92999267578125,238.6699981689453,242.9600067138672,243.97999572753906,246.35000610351562,240.65499877929688,
4,Shopify Inc.,Technology,Software—Application,Canada,us_market,1494.989990234375,1482.989990234375,1460.97998046875,1458.0,1464.75,1538.030029296875,1520.219970703125,1463.3399658203125,1494.989990234375,1494.739990234375,1516.469970703125,1463.0,1441.5,1442.6300048828125,1472.010009765625,1524.780029296875,1569.3599853515625,1594.0899658203125,1643.3199462890625,1582.280029296875,1555.0999755859375,1539.60693359375,
5,Apple Inc.,Technology,Consumer Electronics,United States,us_market,134.77999877929688,136.3300018310547,136.9600067138672,137.27000427246094,139.9600067138672,142.02000427246094,144.57000732421875,143.24000549316406,145.11000061035156,144.5,145.63999938964844,149.14999389648438,148.47999572753906,146.38999938964844,142.4499969482422,146.14999389648438,145.39999389648438,146.8000030517578,148.55999755859375,148.99000549316406,146.77000427246094,144.7895050048828,
6,KANZHUN LIMITED - American Depo,Industrials,Staffing & Employment Services,China,us_market,38.0,38.650001525878906,39.650001525878906,37.099998474121094,36.310001373291016,30.520000457763672,32.0099983215332,31.200000762939453,36.16999816894531,34.15999984741211,34.75,34.939998626708984,35.27000045776367,35.529998779296875,34.880001068115234,35.02000045776367,35.279998779296875,35.0,32.529998779296875,31.0,29.459999084472656,33.290000915527344,
7,"Grove, Inc.",Healthcare,Drug Manufacturers—Specialty & Generic,United States,us_market,7.690000057220459,6.849999904632568,6.190000057220459,5.829999923706055,6.079999923706055,5.880000114440918,5.349999904632568,5.179999828338623,5.21999979019165,5.400000095367432,5.460000038146973,4.75,4.550000190734863,4.460000038146973,4.059999942779541,4.179999828338623,4.079999923706055,4.110000133514404,4.349999904632568,4.380000114440918,4.650000095367432,5.75,
8,Full Truck Alliance Co. Ltd.,Technology,Software—Application,China,us_market,17.809999465942383,16.149999618530273,20.3799991607666,18.600000381469727,19.020000457763672,17.75,17.0,15.130000114440918,15.9399995803833,15.779999732971191,17.56999969482422,17.520000457763672,17.15999984741211,17.200000762939453,16.299999237060547,16.350000381469727,16.559999465942383,15.149999618530273,10.850000381469727,9.979999542236328,8.699999809265137,10.045000076293945,
9,Alphabet Inc.,Communication Services,Internet Content & Information,United States,us_market,2450.719970703125,2445.449951171875,2441.7900390625,2448.889892578125,2505.14990234375,2523.800048828125,2529.47998046875,2500.8798828125,2510.3701171875,2539.510009765625,2546.830078125,2564.739990234375,2540.10009765625,2539.39990234375,2491.56005859375,2524.18994140625,2550.97998046875,2568.429931640625,2660.300048828125,2680.699951171875,2638.0,2738.340087890625,
10,Sundial Growers Inc.,Healthcare,Drug Manufacturers—Specialty & Generic,Canada,us_market,0.9789999723434448,0.949999988079071,0.9490000009536743,0.9200000166893005,0.8999999761581421,0.8899999856948853,0.9580000042915344,0.8930000066757202,0.890999972820282,0.8650000095367432,0.875,0.8399999737739563,0.8169999718666077,0.8119999766349792,0.8090000152587891,0.8410000205039978,0.8700000047683716,0.824999988079071,0.796999990940094,0.8180000185966492,0.7860000133514404,0.875,
11,Integral Ad Science Holding Cor,Communication Services,Advertising Agencies,United States,us_market,,,,20.15999984741211,18.75,19.0,18.25,18.860000610351562,18.690000534057617,17.959999084472656,17.139999389648438,16.729999542236328,16.670000076293945,17.010000228881836,16.950000762939453,17.690000534057617,18.639999389648438,18.8700008392334,18.850000381469727,18.479999542236328,17.790000915527344,16.639999389648438,
12,ThredUp Inc.,Consumer Cyclical,Internet Retail,United States,us_market,27.139999389648438,28.770000457763672,29.079999923706055,27.270000457763672,26.84000015258789,25.93000030517578,24.6200008392334,24.0,24.719999313354492,27.040000915527344,29.520000457763672,27.440000534057617,25.200000762939453,26.149999618530273,26.110000610351562,26.739999771118164,26.729999542236328,27.059999465942383,27.540000915527344,28.43000030517578,25.8700008392334,24.0049991607666,
13,Travel   Leisure Co.,Consumer Cyclical,Travel Services,United States,us_market,58.70000076293945,58.709999084472656,59.45000076293945,60.5,60.209999084472656,58.279998779296875,57.119998931884766,56.65999984741211,58.720001220703125,58.540000915527344,56.779998779296875,56.77000045776367,56.47999954223633,54.709999084472656,52.97999954223633,55.38999938964844,58.0,56.970001220703125,56.439998626708984,56.75,56.459999084472656,53.15999984741211,
14,Alphabet Inc.,Communication Services,Internet Content & Information,United States,us_market,2536.389892578125,2520.3701171875,2506.320068359375,2527.3701171875,2574.3798828125,2595.419921875,2601.550048828125,2583.5400390625,2591.489990234375,2611.280029296875,2619.889892578125,2641.64990234375,2625.330078125,2636.909912109375,2585.080078125,2622.030029296875,2652.010009765625,2666.570068359375,2756.320068359375,2792.889892578125,2735.929931640625,2756.8798828125,
15,"AMC Entertainment Holdings, Inc",Communication Services,Entertainment,United States,us_market,58.11000061035156,56.43000030517578,56.68000030517578,54.220001220703125,51.959999084472656,49.959999084472656,45.06999969482422,47.939998626708984,46.189998626708984,42.61000061035156,39.349998474121094,33.43000030517578,36.0,34.959999084472656,34.619998931884766,43.09000015258789,40.779998779296875,37.2400016784668,36.9900016784668,40.290000915527344,38.0099983215332,38.95000076293945,
16,"Newegg Commerce, Inc.",Consumer Cyclical,Internet Retail,United States,us_market,10.239999771118164,10.869999885559082,19.3799991607666,17.459999084472656,19.200000762939453,27.200000762939453,67.56999969482422,45.79999923706055,46.689998626708984,37.9900016784668,31.739999771118164,28.90999984741211,26.200000762939453,30.549999237060547,25.760000228881836,28.93000030517578,27.18000030517578,25.829999923706055,24.3799991607666,23.8799991607666,23.459999084472656,20.704999923706055,
17,NIO Inc.,Consumer Cyclical,Auto Manufacturers,China,us_market,49.400001525878906,50.34000015258789,53.20000076293945,50.900001525878906,50.400001525878906,50.290000915527344,46.040000915527344,45.599998474121094,45.529998779296875,46.34000015258789,44.959999084472656,43.04999923706055,43.68000030517578,42.79999923706055,43.349998474121094,44.16999816894531,46.77000045776367,46.06999969482422,43.9900016784668,43.16999816894531,39.36000061035156,41.275001525878906,
18,I-MAB,Healthcare,Biotechnology,China,us_market,79.79000091552734,80.80000305175781,83.94999694824219,84.43000030517578,81.66000366210938,74.51000213623047,75.44999694824219,74.94000244140625,80.69999694824219,77.75,76.33000183105469,74.31999969482422,74.16000366210938,77.44999694824219,75.9800033569336,75.94999694824219,77.98999786376953,77.97000122070312,73.23999786376953,62.93000030517578,60.70000076293945,69.87999725341797,
19,Wingstop Inc.,Consumer Cyclical,Restaurants,United States,us_market,157.39999389648438,157.2100067138672,157.6300048828125,156.3300018310547,156.8800048828125,156.0500030517578,156.17999267578125,156.1199951171875,158.0800018310547,155.58999633789062,158.9499969482422,154.17999267578125,154.22000122070312,154.9199981689453,154.77000427246094,157.97000122070312,159.47999572753906,167.82000732421875,169.83999633789062,167.11000061035156,169.9199981689453,160.1199951171875,
20,"Teladoc Health, Inc.",Healthcare,Health Information Services,United States,us_market,170.4199981689453,171.36000061035156,166.2899932861328,164.63999938964844,164.25999450683594,163.52999877929688,158.25999450683594,157.94000244140625,158.60000610351562,155.99000549316406,154.2100067138672,148.85000610351562,146.2100067138672,146.77999877929688,151.3699951171875,154.8300018310547,153.32000732421875,152.8699951171875,151.58999633789062,149.75,151.00999450683594,149.7050018310547,
21,"Brinker International, Inc.",Consumer Cyclical,Restaurants,United States,us_market,60.4900016784668,60.470001220703125,61.849998474121094,61.36000061035156,60.86000061035156,61.040000915527344,60.72999954223633,59.66999816894531,60.900001525878906,63.93000030517578,62.540000915527344,61.0099983215332,58.630001068115234,57.560001373291016,54.18000030517578,57.5,59.34000015258789,57.959999084472656,56.630001068115234,59.880001068115234,59.93000030517578,57.0099983215332,
22,"Support.com, Inc.",Technology,Software—Application,United States,us_market,3.9000000953674316,4.079999923706055,3.859999895095825,3.9700000286102295,4.380000114440918,4.920000076293945,4.269999980926514,4.239999771118164,4.429999828338623,4.46999979019165,4.269999980926514,4.090000152587891,4.139999866485596,3.990000009536743,4.389999866485596,4.510000228881836,4.949999809265137,5.480000019073486,6.179999828338623,6.739999771118164,6.920000076293945,8.390000343322754,
23,Alibaba Group Holding Limited,Consumer Cyclical,Internet Retail,China,us_market,228.58999633789062,229.44000244140625,226.77999877929688,221.8699951171875,217.75,211.60000610351562,208.0,199.85000610351562,205.94000244140625,205.47999572753906,209.50999450683594,211.5,214.75999450683594,212.10000610351562,208.91000366210938,210.58999633789062,211.0800018310547,214.0399932861328,206.52999877929688,191.75999450683594,186.07000732421875,194.83999633789062,
24,ContextLogic Inc.,Consumer Cyclical,Internet Retail,United States,us_market,14.399999618530273,13.399999618530273,13.170000076293945,12.239999771118164,11.649999618530273,11.890000343322754,10.949999809265137,11.0,11.140000343322754,10.90999984741211,10.399999618530273,9.779999732971191,10.09000015258789,9.270000457763672,9.4399995803833,10.140000343322754,10.0,9.5,9.180000305175781,9.15999984741211,9.319999694824219,9.854999542236328,
25,"Agora, Inc.",Technology,Software—Application,China,us_market,43.68000030517578,43.38999938964844,41.959999084472656,41.439998626708984,39.400001525878906,39.189998626708984,37.22999954223633,35.90999984741211,37.900001525878906,37.709999084472656,38.27000045776367,35.779998779296875,34.939998626708984,35.16999816894531,34.560001373291016,34.2599983215332,34.58000183105469,33.099998474121094,26.010000228881836,27.190000534057617,27.270000457763672,32.00270080566406,
26,DAQO New Energy Corp.,Technology,Semiconductor Equipment & Materials,China,us_market,66.16999816894531,66.77999877929688,65.0199966430664,66.04000091552734,62.54999923706055,66.83000183105469,71.25,68.98999786376953,67.80000305175781,68.2699966430664,72.3499984741211,68.94000244140625,68.83000183105469,66.43000030517578,64.33999633789062,66.08000183105469,79.37999725341797,67.66999816894531,59.06999969482422,56.47999954223633,53.75,61.654998779296875,
27,BLACKBERRY LIMITED,Technology,Software—Infrastructure,Canada,ca_market,15.829999923706055,15.149999618530273,15.149999618530273,,14.829999923706055,15.0600004196167,14.350000381469727,14.5,14.6899995803833,14.029999732971191,13.880000114440918,13.350000381469727,13.3100004196167,12.6899995803833,12.609999656677246,13.4399995803833,13.569999694824219,13.050000190734863,12.829999923706055,12.75,12.479999542236328,13.5600004196167,15.100000381469727
28,BlackBerry Limited,Technology,Software—Infrastructure,Canada,us_market,12.800000190734863,12.239999771118164,12.220000267028809,12.170000076293945,11.989999771118164,12.069999694824219,11.4399995803833,11.550000190734863,11.789999961853027,11.25,11.079999923706055,10.65999984741211,10.569999694824219,10.109999656677246,9.880000114440918,10.619999885559082,10.819999694824219,10.380000114440918,10.180000305175781,10.15999984741211,9.90999984741211,10.78499984741211,
29,GameStop Corporation,Consumer Cyclical,Specialty Retail,United States,us_market,213.25,210.8800048828125,214.13999938964844,204.36000061035156,202.8300018310547,199.55999755859375,190.66000366210938,191.3800048828125,191.22999572753906,189.25,180.05999755859375,167.6199951171875,166.82000732421875,169.0399932861328,173.49000549316406,191.17999267578125,185.80999755859375,178.85000610351562,180.36000061035156,183.94000244140625,178.5399932861328,171.49000549316406,
30,"Advanced Micro Devices, Inc.",Technology,Semiconductors,United States,us_market,87.08000183105469,89.5199966430664,93.93000030517578,93.30999755859375,94.69999694824219,94.47000122070312,90.54000091552734,89.73999786376953,90.9000015258789,90.80999755859375,90.26000213623047,89.05000305175781,86.93000030517578,85.88999938964844,86.58000183105469,87.11000061035156,89.41000366210938,91.20999908447266,92.1500015258789,91.81999969482422,91.02999877929688,96.26300048828125,
31,Starbucks Corporation,Consumer Cyclical,Restaurants,United States,us_market,112.23999786376953,112.2699966430664,111.80999755859375,113.41000366210938,114.97000122070312,115.7300033569336,117.13999938964844,115.98999786376953,117.47000122070312,118.45999908447266,119.55000305175781,119.80000305175781,118.97000122070312,118.7300033569336,115.31999969482422,117.41999816894531,119.2699966430664,122.62999725341797,125.97000122070312,126.05999755859375,126.02999877929688,122.30999755859375,
32,MINISO Group Holding Limited,Consumer Cyclical,Specialty Retail,China,us_market,21.079999923706055,20.43000030517578,20.790000915527344,20.040000915527344,19.43000030517578,19.510000228881836,18.190000534057617,17.559999465942383,18.110000610351562,18.739999771118164,18.920000076293945,18.510000228881836,17.559999465942383,17.350000381469727,17.25,17.809999465942383,18.229999542236328,17.90999984741211,17.15999984741211,16.93000030517578,15.010000228881836,17.638700485229492,
33,"Bloomin' Brands, Inc.",Consumer Cyclical,Restaurants,United States,us_market,27.139999389648438,26.709999084472656,27.139999389648438,27.15999984741211,27.209999084472656,26.920000076293945,26.290000915527344,25.90999984741211,27.149999618530273,28.079999923706055,27.899999618530273,27.489999771118164,26.440000534057617,25.760000228881836,23.959999084472656,25.110000610351562,26.1200008392334,25.639999389648438,25.780000686645508,26.65999984741211,26.690000534057617,25.110000610351562,
34,Aurora Cannabis Inc.,Healthcare,Drug Manufacturers—Specialty & Generic,Canada,us_market,9.279999732971191,9.09000015258789,9.039999961853027,8.880000114440918,8.619999885559082,8.3100004196167,7.980000019073486,8.100000381469727,8.239999771118164,8.329999923706055,8.369999885559082,7.510000228881836,7.340000152587891,7.039999961853027,7.039999961853027,7.289999961853027,7.519999980926514,7.210000038146973,7.079999923706055,7.210000038146973,6.840000152587891,7.369999885559082,
35,Natura &Co Holding S.A.,Consumer Defensive,Household & Personal Products,Brazil,us_market,23.139999389648438,22.68000030517578,22.690000534057617,22.6200008392334,23.459999084472656,22.809999465942383,22.979999542236328,22.770000457763672,23.040000915527344,23.600000381469727,23.389999389648438,23.43000030517578,23.200000762939453,23.360000610351562,22.549999237060547,22.729999542236328,23.190000534057617,23.25,23.0,23.190000534057617,22.65999984741211,21.6200008392334,
36,Boeing Company (The),Industrials,Aerospace & Defense,United States,us_market,239.9600067138672,235.75999450683594,239.55999755859375,239.72999572753906,236.67999267578125,236.13999938964844,231.77999877929688,236.77000427246094,239.58999633789062,238.2899932861328,228.1999969482422,224.4499969482422,222.75999450683594,217.74000549316406,206.99000549316406,217.14999389648438,222.5399932861328,220.8699951171875,221.52000427246094,225.85000610351562,222.27000427246094,233.9929962158203,
37,REAL MATTERS INC,Technology,Software—Application,Canada,ca_market,18.170000076293945,18.06999969482422,17.8799991607666,,17.84000015258789,17.25,16.979999542236328,16.329999923706055,16.479999542236328,16.049999237060547,16.030000686645508,16.0,15.8100004196167,15.899999618530273,15.819999694824219,15.84000015258789,15.680000305175781,15.699999809265137,15.390000343322754,15.40999984741211,15.449999809265137,14.010000228881836,17.579999923706055
38,QuantumScape Corporation,Consumer Cyclical,Auto Parts,United States,us_market,30.860000610351562,30.350000381469727,29.260000228881836,27.68000030517578,26.700000762939453,26.459999084472656,25.030000686645508,24.81999969482422,25.079999923706055,24.25,23.260000228881836,23.200000762939453,23.68000030517578,22.860000610351562,23.030000686645508,23.56999969482422,24.229999542236328,23.420000076293945,22.440000534057617,22.579999923706055,21.40999984741211,23.770000457763672,
39,"21Vianet Group, Inc.",Technology,Information Technology Services,China,us_market,22.899999618530273,23.280000686645508,22.950000762939453,22.270000457763672,21.43000030517578,21.059999465942383,19.8799991607666,18.799999237060547,19.739999771118164,19.520000457763672,20.059999465942383,19.450000762939453,18.850000381469727,17.93000030517578,17.700000762939453,17.790000915527344,18.75,18.350000381469727,15.800000190734863,15.979999542236328,14.640000343322754,17.170000076293945,
40,TILRAY INC,Healthcare,Drug Manufacturers—Specialty & Generic,Canada,ca_market,22.979999542236328,22.170000076293945,22.3799991607666,,21.229999542236328,20.8700008392334,20.280000686645508,20.34000015258789,20.139999389648438,20.209999084472656,20.450000762939453,18.81999969482422,18.18000030517578,17.540000915527344,17.31999969482422,17.93000030517578,18.34000015258789,17.43000030517578,17.110000610351562,17.18000030517578,16.030000686645508,20.06999969482422,21.389999389648438
41,General Electric Company,Industrials,Specialty Industrial Machinery,United States,us_market,12.890000343322754,13.09000015258789,13.460000038146973,13.479999542236328,13.359999656677246,12.920000076293945,12.979999542236328,12.869999885559082,13.15999984741211,13.109999656677246,12.890000343322754,12.8100004196167,12.760000228881836,12.550000190734863,12.0,12.699999809265137,13.079999923706055,12.699999809265137,12.710000038146973,12.920000076293945,13.079999923706055,13.175000190734863,
42,Zai Lab Limited,Healthcare,Biotechnology,China,us_market,172.36000061035156,177.8699951171875,176.99000549316406,178.3699951171875,175.89999389648438,165.1199951171875,167.24000549316406,165.75,169.0,172.4199981689453,170.99000549316406,174.02000427246094,170.19000244140625,156.72000122070312,153.9499969482422,161.6199951171875,156.1199951171875,161.0,150.0,131.47999572753906,116.0,134.86000061035156,
43,TAL Education Group,Consumer Defensive,Education & Training Services,China,us_market,24.5,25.420000076293945,25.229999542236328,23.399999618530273,21.389999389648438,20.790000915527344,19.40999984741211,19.510000228881836,21.219999313354492,20.389999389648438,21.520000457763672,22.440000534057617,21.940000534057617,19.850000381469727,18.700000762939453,19.18000030517578,21.329999923706055,20.520000457763672,6.0,4.400000095367432,5.510000228881836,6.394999980926514,
44,"Infinity Pharmaceuticals, Inc.",Healthcare,Biotechnology,United States,us_market,3.2100000381469727,3.119999885559082,2.990000009536743,3.0,2.859999895095825,2.8499999046325684,2.759999990463257,2.759999990463257,2.9600000381469727,2.940000057220459,2.809999942779541,2.630000114440918,2.609999895095825,2.559999942779541,2.690000057220459,2.640000104904175,2.7200000286102295,2.5299999713897705,2.299999952316284,2.2200000286102295,1.5199999809265137,2.244999885559082,
45,Hoegh LNG Partners LP,Energy,Oil & Gas Midstream,Bermuda,us_market,17.549999237060547,17.559999465942383,17.59000015258789,17.6200008392334,18.059999465942383,17.940000534057617,17.670000076293945,17.479999542236328,17.6299991607666,17.93000030517578,17.75,17.709999084472656,17.610000610351562,17.350000381469727,16.68000030517578,17.260000228881836,17.479999542236328,17.399999618530273,17.459999084472656,17.90999984741211,17.8700008392334,6.735000133514404,
46,Bank of America Corporation,Financial Services,Banks—Diversified,United States,us_market,41.560001373291016,40.88999938964844,41.22999954223633,41.540000915527344,41.150001525878906,40.06999969482422,39.75,38.779998779296875,40.040000915527344,40.630001068115234,39.86000061035156,38.86000061035156,38.83000183105469,37.91999816894531,36.93000030517578,37.689998626708984,38.459999084472656,37.959999084472656,37.70000076293945,38.130001068115234,37.97999954223633,38.10499954223633,
47,"C.H. Robinson Worldwide, Inc.",Industrials,Integrated Freight & Logistics,United States,us_market,94.2699966430664,94.54000091552734,93.66999816894531,94.20999908447266,93.77999877929688,92.81999969482422,93.33999633789062,91.76000213623047,93.16999816894531,92.73999786376953,92.62000274658203,94.6500015258789,93.94000244140625,93.30000305175781,93.12999725341797,93.11000061035156,93.13999938964844,91.7699966430664,92.87999725341797,92.5,91.31999969482422,88.12999725341797,
48,Payoneer Global Inc.,Technology,Software—Infrastructure,United States,us_market,10.600000381469727,10.5600004196167,10.369999885559082,10.039999961853027,9.920000076293945,9.890000343322754,9.899999618530273,9.859999656677246,10.420000076293945,10.3100004196167,9.779999732971191,9.609999656677246,9.710000038146973,9.479999542236328,9.180000305175781,9.329999923706055,9.800000190734863,10.260000228881836,10.180000305175781,9.9399995803833,9.579999923706055,9.244999885559082,
49,Zymergen Inc.,Basic Materials,Chemicals,United States,us_market,39.0,37.869998931884766,40.0099983215332,40.22999954223633,41.0,40.36000061035156,39.0,37.22999954223633,36.56999969482422,36.75,38.7400016784668,36.18000030517578,34.9900016784668,35.95000076293945,38.56999969482422,39.63999938964844,38.06999969482422,38.810001373291016,39.869998931884766,34.54999923706055,31.010000228881836,35.5,
50,Zhihu Inc.,Communication Services,Internet Content & Information,China,us_market,11.770000457763672,13.079999923706055,13.5600004196167,12.569999694824219,12.510000228881836,10.600000381469727,9.25,9.449999809265137,10.520000457763672,10.010000228881836,10.619999885559082,10.880000114440918,11.09000015258789,11.069999694824219,11.270000457763672,12.59000015258789,11.90999984741211,11.899999618530273,10.270000457763672,9.329999923706055,9.079999923706055,10.380200386047363,
51,Itau Unibanco Banco Holding SA,Financial Services,Banks—Regional,Brazil,us_market,6.156924724578857,6.066969871520996,6.006999969482422,5.849999904632568,5.920000076293945,5.570000171661377,5.599999904632568,5.559999942779541,5.550000190734863,5.690000057220459,5.710000038146973,5.820000171661377,5.730000019073486,5.639999866485596,5.449999809265137,5.550000190734863,5.639999866485596,5.550000190734863,5.519999980926514,5.690000057220459,5.739999771118164,5.880000114440918,
52,Churchill Capital Corp IV,Financial Services,Shell Companies,United States,us_market,27.0,26.31999969482422,28.81999969482422,27.719999313354492,27.020000457763672,26.3799991607666,25.520000457763672,24.959999084472656,25.549999237060547,26.850000381469727,25.90999984741211,23.790000915527344,22.959999084472656,22.790000915527344,22.200000762939453,24.280000686645508,23.43000030517578,22.899999618530273,24.25,,,,
53,MEITUAN,Consumer Cyclical,Internet Retail,China,us_market,42.70000076293945,42.0,41.099998474121094,40.790000915527344,39.25,37.16999816894531,36.599998474121094,34.20000076293945,36.04999923706055,36.71500015258789,37.54999923706055,37.13399887084961,37.25,37.0,35.46500015258789,35.5,35.189998626708984,35.68000030517578,34.380001068115234,29.3799991607666,26.0,29.545000076293945,
54,Futu Holdings Limited,Financial Services,Capital Markets,Hong Kong,us_market,178.0500030517578,179.5500030517578,179.08999633789062,161.08999633789062,162.1999969482422,147.11000061035156,145.27999877929688,138.58999633789062,139.75,137.4600067138672,135.11000061035156,130.41000366210938,134.8000030517578,133.39999389648438,133.85000610351562,137.9499969482422,145.47999572753906,134.67999267578125,124.62000274658203,115.44000244140625,98.73999786376953,113.19999694824219,
55,"Twitter, Inc.",Communication Services,Internet Content & Information,United States,us_market,68.29000091552734,69.0,68.80999755859375,68.11000061035156,69.19999694824219,70.20999908447266,68.76000213623047,66.83000183105469,68.97000122070312,69.86000061035156,69.5999984741211,70.2699966430664,68.06999969482422,66.41000366210938,66.0199966430664,67.94000244140625,69.54000091552734,69.56999969482422,71.69000244140625,68.69000244140625,68.33000183105469,70.98999786376953,
56,Sirius XM Holdings Inc.,Communication Services,Broadcasting,United States,us_market,6.510000228881836,6.550000190734863,6.539999961853027,6.570000171661377,6.630000114440918,6.539999961853027,6.570000171661377,6.460000038146973,6.559999942779541,6.519999980926514,6.449999809265137,6.5,6.440000057220459,6.389999866485596,6.340000152587891,6.53000020980835,6.550000190734863,6.480000019073486,6.429999828338623,6.380000114440918,6.710000038146973,6.554999828338623,
57,"Pfizer, Inc.",Healthcare,Drug Manufacturers—General,United States,us_market,39.119998931884766,39.099998474121094,39.15999984741211,39.560001373291016,39.72999954223633,39.290000915527344,39.349998474121094,39.25,39.61000061035156,39.7599983215332,39.650001525878906,39.95000076293945,40.09000015258789,40.349998474121094,40.150001525878906,41.04999923706055,41.02000045776367,41.470001220703125,41.68000030517578,41.810001373291016,42.099998474121094,43.36000061035156,
58,GDS Holdings Limited,Technology,Information Technology Services,China,us_market,80.9800033569336,80.4000015258789,78.48999786376953,75.88999938964844,76.41999816894531,76.12000274658203,72.30000305175781,69.2300033569336,70.44999694824219,70.44000244140625,73.8499984741211,72.69999694824219,73.38999938964844,72.3499984741211,72.54000091552734,74.4000015258789,74.0,72.47000122070312,64.66999816894531,55.9900016784668,51.709999084472656,59.959999084472656,
59,Humana Inc.,Healthcare,Healthcare Plans,United States,us_market,444.1800231933594,442.2900085449219,442.7200012207031,447.6300048828125,451.7699890136719,453.5899963378906,457.4800109863281,454.5,455.6499938964844,458.30999755859375,460.30999755859375,460.1099853515625,466.92999267578125,470.8999938964844,460.92999267578125,460.5,463.4800109863281,463.70001220703125,471.2200012207031,467.30999755859375,467.5,438.17999267578125,
60,Taboola.com Ltd.,Communication Services,Internet Content & Information,United States,us_market,,,10.350000381469727,10.5,10.479999542236328,10.09000015258789,9.65999984741211,9.640000343322754,9.869999885559082,10.170000076293945,10.199999809265137,9.729999542236328,9.449999809265137,8.850000381469727,8.539999961853027,8.800000190734863,9.0,9.0,10.300000190734863,9.84000015258789,10.25,9.819999694824219,
61,BRILLIANCE CHINA AUTOMOTIVE HLD,Consumer Cyclical,Auto Manufacturers,Hong Kong,us_market,6.460000038146973,6.599999904632568,6.230000019073486,6.099999904632568,6.099999904632568,6.159999847412109,6.099999904632568,6.210000038146973,6.369999885559082,6.25,5.940000057220459,5.849999904632568,6.489999771118164,6.300000190734863,6.25,6.25,5.849999904632568,4.25,8.489999771118164,10.300000190734863,7.900000095367432,7.119999885559082,
62,"360 DigiTech, Inc.",Financial Services,Credit Services,China,us_market,41.720001220703125,42.54999923706055,41.84000015258789,38.790000915527344,35.7400016784668,34.279998779296875,33.13999938964844,26.020000457763672,26.309999465942383,26.700000762939453,27.959999084472656,28.969999313354492,30.219999313354492,29.59000015258789,29.40999984741211,27.920000076293945,29.559999465942383,28.360000610351562,25.969999313354492,25.0,23.139999389648438,26.530000686645508,
63,Pinduoduo Inc.,Consumer Cyclical,Internet Retail,China,us_market,124.91000366210938,133.5500030517578,127.0199966430664,121.83999633789062,119.19999694824219,113.0999984741211,110.29000091552734,108.7699966430664,111.06999969482422,110.5199966430664,112.06999969482422,108.94000244140625,110.73999786376953,107.44999694824219,104.69000244140625,102.25,104.5199966430664,104.95999908447266,97.30999755859375,88.70999908447266,79.52999877929688,91.30000305175781,
64,RLX Technology Inc.,Consumer Defensive,Tobacco,China,us_market,9.029999732971191,8.710000038146973,8.729999542236328,8.770000457763672,8.430000305175781,8.100000381469727,8.140000343322754,7.78000020980835,7.960000038146973,7.53000020980835,7.579999923706055,7.239999771118164,7.25,6.559999942779541,6.360000133514404,6.079999923706055,6.150000095367432,5.710000038146973,4.96999979019165,4.460000038146973,4.309999942779541,5.215000152587891,
65,SUMCO CORPORATION,Technology,Semiconductor Equipment & Materials,Japan,us_market,7.37999963760376,23.3799991607666,23.3799991607666,,,,,,,,,,,24.75,23.65999984741211,23.65999984741211,23.65999984741211,,,,,22.469999313354492,
66,Intel Corporation,Technology,Semiconductors,United States,us_market,57.47999954223633,56.75,56.13999938964844,56.0099983215332,56.7599983215332,56.09000015258789,55.959999084472656,55.38999938964844,55.9900016784668,56.72999954223633,56.869998931884766,56.52000045776367,55.810001373291016,54.970001220703125,54.63999938964844,55.2400016784668,56.22999954223633,55.959999084472656,53.0,54.310001373291016,53.18000030517578,53.279998779296875,
67,Spotify Technology S.A.,Communication Services,Internet Content & Information,Luxembourg,us_market,271.55999755859375,272.8599853515625,275.5899963378906,268.6300048828125,267.8299865722656,263.5199890136719,259.0400085449219,256.1499938964844,262.8299865722656,261.010009765625,263.8500061035156,253.41000366210938,247.97000122070312,243.24000549316406,241.80999755859375,246.5,247.91000366210938,244.17999267578125,243.63999938964844,240.58999633789062,236.92999267578125,220.94000244140625,
68,Microsoft Corporation,Technology,Software—Infrastructure,United States,us_market,268.7200012207031,271.3999938964844,270.8999938964844,271.6000061035156,277.6499938964844,277.6600036621094,279.92999267578125,277.4200134277344,277.94000244140625,277.32000732421875,280.9800109863281,282.510009765625,281.0299987792969,280.75,277.010009765625,279.32000732421875,281.3999938964844,286.1400146484375,289.6700134277344,289.04998779296875,286.5400085449219,287.4750061035156,
69,KE Holdings Inc,Real Estate,Real Estate Services,China,us_market,48.95000076293945,48.18000030517578,47.68000030517578,46.95000076293945,46.849998474121094,42.029998779296875,38.83000183105469,38.849998474121094,40.75,37.790000915527344,39.529998779296875,39.0,39.0,38.88999938964844,37.130001068115234,38.0,37.75,37.95000076293945,33.79999923706055,24.440000534057617,24.260000228881836,27.950000762939453,
70,"Omnicell, Inc.",Healthcare,Health Information Services,United States,us_market,150.57000732421875,151.2100067138672,151.4499969482422,148.69000244140625,149.75999450683594,151.2100067138672,151.3699951171875,151.5,151.24000549316406,154.0,151.13999938964844,152.1300048828125,150.89999389648438,150.8699951171875,150.38999938964844,150.5500030517578,151.27999877929688,152.10000610351562,151.35000610351562,151.67999267578125,151.33999633789062,145.02999877929688,
71,Ovintiv Inc. (DE),Energy,Oil & Gas E&P,United States,us_market,31.6200008392334,31.40999984741211,31.469999313354492,32.939998626708984,32.209999084472656,30.190000534057617,29.579999923706055,29.760000228881836,30.549999237060547,30.479999542236328,30.110000610351562,28.469999313354492,27.700000762939453,26.09000015258789,24.809999465942383,25.479999542236328,27.290000915527344,27.549999237060547,27.350000381469727,28.229999542236328,27.18000030517578,26.010000228881836,
72,Teva Pharmaceutical Industries ,Healthcare,Drug Manufacturers—Specialty & Generic,Israel,us_market,10.25,10.029999732971191,9.899999618530273,9.920000076293945,9.829999923706055,9.609999656677246,9.329999923706055,9.140000343322754,9.300000190734863,9.3100004196167,9.109999656677246,8.9399995803833,8.770000457763672,8.609999656677246,8.380000114440918,8.779999732971191,9.010000228881836,8.899999618530273,8.8100004196167,8.9399995803833,8.920000076293945,10.020000457763672,
73,"Doximity, Inc.",,,,us_market,58.349998474121094,55.189998626708984,58.20000076293945,52.79999923706055,49.880001068115234,46.81999969482422,49.15999984741211,48.31999969482422,52.7400016784668,51.08000183105469,50.2400016784668,49.7599983215332,52.90999984741211,54.349998474121094,56.70000076293945,54.66999816894531,55.689998626708984,59.90999984741211,60.970001220703125,66.5,59.43000030517578,57.45000076293945,
74,"Affiliated Managers Group, Inc.",Financial Services,Asset Management,United States,us_market,153.67999267578125,154.24000549316406,154.2100067138672,156.38999938964844,155.94000244140625,166.8000030517578,175.7100067138672,170.55999755859375,176.77999877929688,179.8699951171875,174.3300018310547,169.1699981689453,168.75,166.33999633789062,161.27000427246094,166.6199951171875,170.0,165.8800048828125,167.22000122070312,169.4199981689453,167.60000610351562,156.4499969482422,
75,TFI International Inc.,Industrials,Trucking,Canada,us_market,91.7300033569336,92.8499984741211,91.19000244140625,91.73999786376953,92.08999633789062,90.94000244140625,90.45999908447266,90.79000091552734,92.37999725341797,91.62000274658203,90.87999725341797,98.9000015258789,99.83999633789062,97.37000274658203,95.91999816894531,98.87999725341797,100.75,101.95999908447266,103.86000061035156,104.94999694824219,111.88999938964844,107.80999755859375,
76,Generac Holdlings Inc.,Industrials,Specialty Industrial Machinery,United States,us_market,409.19000244140625,410.4200134277344,415.1499938964844,413.4100036621094,415.20001220703125,429.3500061035156,432.7699890136719,426.6000061035156,436.3699951171875,448.1499938964844,445.2300109863281,436.7300109863281,432.8599853515625,430.3399963378906,434.25,436.4200134277344,447.3399963378906,444.5899963378906,449.6400146484375,444.6499938964844,438.9200134277344,419.9992980957031,
77,Ford Motor Company,Consumer Cyclical,Auto Manufacturers,United States,us_market,14.960000038146973,15.010000228881836,14.859999656677246,14.90999984741211,14.930000305175781,14.5,14.229999542236328,14.0600004196167,14.479999542236328,14.609999656677246,14.420000076293945,14.25,14.010000228881836,13.609999656677246,13.279999732971191,13.90999984741211,14.1899995803833,13.90999984741211,13.819999694824219,14.029999732971191,13.789999961853027,13.73740005493164,
78,"CoStar Group, Inc.",Real Estate,Real Estate Services,United States,us_market,84.91999816894531,83.29000091552734,82.81999969482422,83.25,82.58000183105469,83.58000183105469,85.83000183105469,85.08000183105469,86.27999877929688,86.04000091552734,85.2300033569336,85.87000274658203,87.33000183105469,87.3499984741211,85.98999786376953,88.0999984741211,88.83999633789062,89.16000366210938,89.97000122070312,89.2699966430664,89.0199966430664,84.28500366210938,
79,Z HOLDINGS CORPORATION UNSP ADS,Consumer Cyclical,Internet Retail,Japan,us_market,10.0,10.069999694824219,9.9399995803833,9.800000190734863,9.890000343322754,9.899999618530273,10.0,10.039999961853027,10.050000190734863,10.069999694824219,10.140000343322754,10.649999618530273,10.65999984741211,10.329999923706055,10.40999984741211,10.399999618530273,10.359999656677246,10.399999618530273,10.399999618530273,10.649999618530273,10.6899995803833,10.25,
80,HUTCHMED (China) Limited,Healthcare,Biotechnology,Hong Kong,us_market,33.5,33.22999954223633,39.27000045776367,38.709999084472656,40.34000015258789,35.65999984741211,37.029998779296875,37.66999816894531,37.52000045776367,37.459999084472656,38.08000183105469,37.900001525878906,38.099998474121094,39.5099983215332,39.7599983215332,40.040000915527344,41.43000030517578,41.90999984741211,40.38999938964844,39.279998779296875,36.45000076293945,40.380001068115234,
81,"Lyell Immunopharma, Inc.",Healthcare,Biotechnology,United States,us_market,16.559999465942383,16.31999969482422,16.239999771118164,16.010000228881836,16.030000686645508,15.510000228881836,15.380000114440918,15.25,15.880000114440918,16.270000457763672,16.219999313354492,16.670000076293945,16.06999969482422,16.90999984741211,16.450000762939453,16.700000762939453,15.699999809265137,15.569999694824219,14.430000305175781,14.550000190734863,14.40999984741211,14.020000457763672,
82,"JD.com, Inc.",Consumer Cyclical,Internet Retail,China,us_market,77.12000274658203,79.75,79.80999755859375,77.44000244140625,76.2300033569336,72.38999938964844,72.69999694824219,70.88999938964844,73.55999755859375,73.16999816894531,76.5199966430664,75.44999694824219,76.86000061035156,75.58999633789062,74.22000122070312,73.87000274658203,75.30000305175781,75.91000366210938,72.29000091552734,66.08000183105469,64.7699966430664,70.25,
83,Cleveland-Cliffs Inc.,Basic Materials,Steel,United States,us_market,20.6200008392334,20.93000030517578,21.559999465942383,22.059999465942383,22.3700008392334,21.040000915527344,21.389999389648438,20.940000534057617,22.559999465942383,23.079999923706055,22.780000686645508,21.850000381469727,21.6200008392334,19.93000030517578,19.260000228881836,20.049999237060547,21.18000030517578,21.06999969482422,21.579999923706055,22.020000457763672,22.260000228881836,23.27039909362793,
84,"Tilray, Inc. - Class 2",Healthcare,Drug Manufacturers—Specialty & Generic,Canada,us_market,18.6299991607666,17.860000610351562,18.079999923706055,17.84000015258789,17.229999542236328,16.719999313354492,16.229999542236328,16.25,16.170000076293945,16.239999771118164,16.31999969482422,15.010000228881836,14.399999618530273,13.90999984741211,13.600000381469727,14.15999984741211,14.600000381469727,13.880000114440918,13.59000015258789,13.699999809265137,12.729999542236328,16.049999237060547,
85,Bilibili Inc.,Communication Services,Electronic Gaming & Multimedia,China,us_market,126.8499984741211,125.55999755859375,121.83999633789062,121.11000061035156,119.58000183105469,108.66000366210938,103.9800033569336,100.19999694824219,106.73999786376953,106.9800033569336,110.37999725341797,108.58999633789062,110.12000274658203,109.01000213623047,108.4800033569336,111.91999816894531,115.58000183105469,108.66000366210938,95.20999908447266,87.45999908447266,82.7300033569336,95.1500015258789,
86,Carnival Corporation,Consumer Cyclical,Travel Services,United States,us_market,26.149999618530273,25.780000686645508,26.360000610351562,26.360000610351562,26.059999465942383,25.020000457763672,24.079999923706055,23.719999313354492,24.260000228881836,23.860000610351562,22.850000381469727,22.579999923706055,21.950000762939453,20.920000076293945,19.719999313354492,21.190000534057617,23.190000534057617,22.709999084472656,21.959999084472656,23.15999984741211,22.799999237060547,22.780000686645508,
87,DiDi Global Inc.,,,,us_market,,,14.140000343322754,16.399999618530273,15.529999732971191,12.489999771118164,11.90999984741211,11.210000038146973,12.029999732971191,11.15999984741211,12.420000076293945,12.619999885559082,12.359999656677246,11.970000267028809,11.0600004196167,11.210000038146973,11.5,10.199999809265137,8.0600004196167,8.039999961853027,8.039999961853027,9.089900016784668,
88,The Cheesecake Factory Incorpor,Consumer Cyclical,Restaurants,United States,us_market,53.43000030517578,52.45000076293945,54.18000030517578,53.63999938964844,53.33000183105469,52.599998474121094,50.470001220703125,49.45000076293945,51.65999984741211,53.779998779296875,53.20000076293945,52.45000076293945,51.15999984741211,49.849998474121094,46.959999084472656,50.119998931884766,51.790000915527344,51.95000076293945,51.790000915527344,54.52000045776367,55.0099983215332,48.730098724365234,
89,Huazhu Group Limited,Consumer Cyclical,Lodging,China,us_market,53.31999969482422,53.15999984741211,52.810001373291016,53.68000030517578,54.2400016784668,53.209999084472656,51.45000076293945,50.4900016784668,49.4900016784668,49.54999923706055,50.0,50.630001068115234,51.52000045776367,49.66999816894531,48.58000183105469,48.900001525878906,49.7400016784668,48.619998931884766,47.099998474121094,41.33000183105469,40.75,46.47999954223633,
